grad_norm,loss,loss_q0,loss_q1,loss_q2,loss_q3,mse,mse_q0,mse_q1,mse_q2,mse_q3,samples,step
3.059179391541482,1.0001370906829834,1.0031314,0.99987644,0.99333715,1.000071,1.0001370906829834,1.0031314,0.99987644,0.99333715,1.000071,16,0
3.201766018083552,0.9034970104694366,0.93029314,0.8883882,0.8956912,0.90129066,0.9034970104694366,0.93029314,0.8883882,0.8956912,0.90129066,176,10
2.968864735571267,0.7102960348129274,0.7528213,0.7023048,0.68695223,0.69214666,0.7102960348129274,0.7528213,0.7023048,0.68695223,0.69214666,336,20
