grad_norm,loss,loss_q0,loss_q1,loss_q2,loss_q3,mse,mse_q0,mse_q1,mse_q2,mse_q3,samples,step
3.4488112920093155,1.0003421306610107,1.0021555,0.99955326,0.99910367,1.001056,1.0003421306610107,1.0021555,0.99955326,0.99910367,1.001056,16,0
